component,target_bnis,unit,reference_date,universe,treatment,source_url,evidence
housing_property_lower_bound,1398.894,NIS billion,2018-12-31,Israeli households excluding NPISH,validation lower bound only; do not scale market-value homes or land,https://www.cbs.gov.il/he/publications/doclib/2024/1922/e_print.pdf,CBS National Balance Sheet Accounts 2021 Table 19 reports produced dwellings and excludes land/non-produced assets
deposits_savings,600.152,NIS billion,2018-12-31,Israeli households excluding NPISH,transferable deposits 256.876 plus other deposits 343.276,https://www.cbs.gov.il/he/publications/doclib/2024/1922/e_print.pdf,CBS National Balance Sheet Accounts 2021 Table 19
deposits_savings_sensitivity,548.497,NIS billion,2018-12-31,resident private individuals,scope sensitivity only,https://www.boi.org.il/boi_files/Pikuah/e020.xls,Bank of Israel banking-supervision workbook Table L5.2
investment_securities,477.457,NIS billion,2018-12-31,Israeli households excluding NPISH,debt securities 167.566 plus listed shares 74.682 plus investment-fund units 235.209,https://www.cbs.gov.il/he/publications/doclib/2024/1922/e_print.pdf,CBS National Balance Sheet Accounts 2021 Table 19
investment_securities_sensitivity,606.260,NIS billion,2018-12-31,Israeli households excluding NPISH,scope sensitivity including unlisted equity,https://www.cbs.gov.il/he/publications/doclib/2024/1922/e_print.pdf,CBS AF3 plus all AF5
pension_provident_insurance,1498.252,NIS billion,2018-12-31,Israeli households excluding NPISH,life insurance 414.194 plus pension/provident funds 1084.058,https://www.cbs.gov.il/he/publications/doclib/2024/1922/e_print.pdf,CBS National Balance Sheet Accounts 2021 Table 19 AF6
pension_sensitivity,1596.640,NIS billion,2018-12-31,institutional investor assets,scope sensitivity only,https://www.boi.org.il/publications/regularpublications/statistic_bulletin/,BOI 2018 Statistical Bulletin institutional-assets total is broader than household claims
mortgage_debt,360,NIS billion,2018-12-31,Israeli households,housing-debt level,https://www.boi.org.il/en/communication-and-publications/press-releases/debt-developments-in-the-nonfinancial-private-sector-fourth-quarter-of-2018/,Bank of Israel Q4 2018 household debt release
consumer_debt,197,NIS billion,2018-12-31,Israeli households,nonhousing-debt level,https://www.boi.org.il/en/communication-and-publications/press-releases/debt-developments-in-the-nonfinancial-private-sector-fourth-quarter-of-2018/,Bank of Israel Q4 2018 household debt release
total_debt_sensitivity,595.970,NIS billion,2018-12-31,Israeli households excluding NPISH,broader national-balance-sheet credit definition,https://www.cbs.gov.il/he/publications/doclib/2024/1922/e_print.pdf,CBS Table 19 includes credit-card activity and is not forced onto the two BOI-aligned debt lines
